{
  "model_name": "gemma-3-12b-it",
  "dataset": "wikitext2",
  "loss": {
    "0.self_attn.q_proj": 0.072723388671875,
    "0.self_attn.k_proj": 0.092132568359375,
    "0.self_attn.v_proj": 0.077178955078125,
    "0.self_attn.o_proj": 0.0826416015625,
    "0.mlp.gate_proj": 0.0701904296875,
    "0.mlp.up_proj": 0.07391357421875,
    "0.mlp.down_proj": 0.0809326171875,
    "1.self_attn.q_proj": 0.0751953125,
    "1.self_attn.k_proj": 0.08111572265625,
    "1.self_attn.v_proj": 0.07159423828125,
    "1.self_attn.o_proj": 0.07470703125,
    "1.mlp.gate_proj": 0.067901611328125,
    "1.mlp.up_proj": 0.06951904296875,
    "1.mlp.down_proj": 0.085235595703125,
    "2.self_attn.q_proj": 0.07720947265625,
    "2.self_attn.k_proj": 0.0731201171875,
    "2.self_attn.v_proj": 0.072998046875,
    "2.self_attn.o_proj": 0.07586669921875,
    "2.mlp.gate_proj": 0.069580078125,
    "2.mlp.up_proj": 0.072021484375,
    "2.mlp.down_proj": 0.07318115234375,
    "3.self_attn.q_proj": 0.07379150390625,
    "3.self_attn.k_proj": 0.07354736328125,
    "3.self_attn.v_proj": 0.072998046875,
    "3.self_attn.o_proj": 0.076171875,
    "3.mlp.gate_proj": 0.080352783203125,
    "3.mlp.up_proj": 0.0693359375,
    "3.mlp.down_proj": 0.071533203125,
    "4.self_attn.q_proj": 0.07861328125,
    "4.self_attn.k_proj": 0.072784423828125,
    "4.self_attn.v_proj": 0.082763671875,
    "4.self_attn.o_proj": 0.08062744140625,
    "4.mlp.gate_proj": 0.07196044921875,
    "4.mlp.up_proj": 0.068359375,
    "4.mlp.down_proj": 0.0899658203125,
    "5.self_attn.q_proj": 0.0726318359375,
    "5.self_attn.k_proj": 0.07586669921875,
    "5.self_attn.v_proj": 0.07177734375,
    "5.self_attn.o_proj": 0.06951904296875,
    "5.mlp.gate_proj": 0.0848388671875,
    "5.mlp.up_proj": 0.072235107421875,
    "5.mlp.down_proj": 0.07672119140625,
    "6.self_attn.q_proj": 0.078643798828125,
    "6.self_attn.k_proj": 0.074188232421875,
    "6.self_attn.v_proj": 0.07666015625,
    "6.self_attn.o_proj": 0.07330322265625,
    "6.mlp.gate_proj": 0.0731201171875,
    "6.mlp.up_proj": 0.0728759765625,
    "6.mlp.down_proj": 0.0787353515625,
    "7.self_attn.q_proj": 0.0933837890625,
    "7.self_attn.k_proj": 0.07159423828125,
    "7.self_attn.v_proj": 0.08807373046875,
    "7.self_attn.o_proj": 0.070404052734375,
    "7.mlp.gate_proj": 0.086181640625,
    "7.mlp.up_proj": 0.07489013671875,
    "7.mlp.down_proj": 0.080810546875,
    "8.self_attn.q_proj": 0.0780029296875,
    "8.self_attn.k_proj": 0.08050537109375,
    "8.self_attn.v_proj": 0.06951904296875,
    "8.self_attn.o_proj": 0.07830810546875,
    "8.mlp.gate_proj": 0.07293701171875,
    "8.mlp.up_proj": 0.0703125,
    "8.mlp.down_proj": 0.07415771484375,
    "9.self_attn.q_proj": 0.089111328125,
    "9.self_attn.k_proj": 0.07012939453125,
    "9.self_attn.v_proj": 0.07440185546875,
    "9.self_attn.o_proj": 0.0721435546875,
    "9.mlp.gate_proj": 0.07012939453125,
    "9.mlp.up_proj": 0.06622314453125,
    "9.mlp.down_proj": 0.076904296875,
    "10.self_attn.q_proj": 0.071563720703125,
    "10.self_attn.k_proj": 0.0697021484375,
    "10.self_attn.v_proj": 0.07366943359375,
    "10.self_attn.o_proj": 0.07537841796875,
    "10.mlp.gate_proj": 0.06829833984375,
    "10.mlp.up_proj": 0.075439453125,
    "10.mlp.down_proj": 0.0714111328125,
    "11.self_attn.q_proj": 0.072174072265625,
    "11.self_attn.k_proj": 0.078155517578125,
    "11.self_attn.v_proj": 0.073089599609375,
    "11.self_attn.o_proj": 0.087921142578125,
    "11.mlp.gate_proj": 0.0740966796875,
    "11.mlp.up_proj": 0.06982421875,
    "11.mlp.down_proj": 0.0755615234375,
    "12.self_attn.q_proj": 0.0693359375,
    "12.self_attn.k_proj": 0.07568359375,
    "12.self_attn.v_proj": 0.0721435546875,
    "12.self_attn.o_proj": 0.069122314453125,
    "12.mlp.gate_proj": 0.06982421875,
    "12.mlp.up_proj": 0.08038330078125,
    "12.mlp.down_proj": 0.0687255859375,
    "13.self_attn.q_proj": 0.083465576171875,
    "13.self_attn.k_proj": 0.0849609375,
    "13.self_attn.v_proj": 0.07647705078125,
    "13.self_attn.o_proj": 0.07379150390625,
    "13.mlp.gate_proj": 0.0743408203125,
    "13.mlp.up_proj": 0.0740966796875,
    "13.mlp.down_proj": 0.07391357421875,
    "14.self_attn.q_proj": 0.079986572265625,
    "14.self_attn.k_proj": 0.08270263671875,
    "14.self_attn.v_proj": 0.06817626953125,
    "14.self_attn.o_proj": 0.08123779296875,
    "14.mlp.gate_proj": 0.075439453125,
    "14.mlp.up_proj": 0.081298828125,
    "14.mlp.down_proj": 0.0848388671875,
    "15.self_attn.q_proj": 0.0673828125,
    "15.self_attn.k_proj": 0.073486328125,
    "15.self_attn.v_proj": 0.08624267578125,
    "15.self_attn.o_proj": 0.072784423828125,
    "15.mlp.gate_proj": 0.0721435546875,
    "15.mlp.up_proj": 0.0758056640625,
    "15.mlp.down_proj": 0.0738525390625,
    "16.self_attn.q_proj": 0.079132080078125,
    "16.self_attn.k_proj": 0.076690673828125,
    "16.self_attn.v_proj": 0.07867431640625,
    "16.self_attn.o_proj": 0.09039306640625,
    "16.mlp.gate_proj": 0.087615966796875,
    "16.mlp.up_proj": 0.07647705078125,
    "16.mlp.down_proj": 0.07281494140625,
    "17.self_attn.q_proj": 0.0791015625,
    "17.self_attn.k_proj": 0.08251953125,
    "17.self_attn.v_proj": 0.10321044921875,
    "17.self_attn.o_proj": 0.08740234375,
    "17.mlp.gate_proj": 0.0745849609375,
    "17.mlp.up_proj": 0.0704345703125,
    "17.mlp.down_proj": 0.0911865234375,
    "18.self_attn.q_proj": 0.07855224609375,
    "18.self_attn.k_proj": 0.06903076171875,
    "18.self_attn.v_proj": 0.0931396484375,
    "18.self_attn.o_proj": 0.0804443359375,
    "18.mlp.gate_proj": 0.083984375,
    "18.mlp.up_proj": 0.0887451171875,
    "18.mlp.down_proj": 0.0782470703125,
    "19.self_attn.q_proj": 0.0723876953125,
    "19.self_attn.k_proj": 0.07440185546875,
    "19.self_attn.v_proj": 0.072021484375,
    "19.self_attn.o_proj": 0.074951171875,
    "19.mlp.gate_proj": 0.0728759765625,
    "19.mlp.up_proj": 0.08062744140625,
    "19.mlp.down_proj": 0.0731201171875,
    "20.self_attn.q_proj": 0.06951904296875,
    "20.self_attn.k_proj": 0.069610595703125,
    "20.self_attn.v_proj": 0.0848388671875,
    "20.self_attn.o_proj": 0.0782470703125,
    "20.mlp.gate_proj": 0.0726318359375,
    "20.mlp.up_proj": 0.07037353515625,
    "20.mlp.down_proj": 0.0721435546875,
    "21.self_attn.q_proj": 0.07354736328125,
    "21.self_attn.k_proj": 0.07275390625,
    "21.self_attn.v_proj": 0.079833984375,
    "21.self_attn.o_proj": 0.06927490234375,
    "21.mlp.gate_proj": 0.071044921875,
    "21.mlp.up_proj": 0.073974609375,
    "21.mlp.down_proj": 0.0733642578125,
    "22.self_attn.q_proj": 0.074188232421875,
    "22.self_attn.k_proj": 0.07763671875,
    "22.self_attn.v_proj": 0.0748291015625,
    "22.self_attn.o_proj": 0.07403564453125,
    "22.mlp.gate_proj": 0.07818603515625,
    "22.mlp.up_proj": 0.0792236328125,
    "22.mlp.down_proj": 0.0926513671875,
    "23.self_attn.q_proj": 0.075927734375,
    "23.self_attn.k_proj": 0.07550048828125,
    "23.self_attn.v_proj": 0.0872802734375,
    "23.self_attn.o_proj": 0.08489990234375,
    "23.mlp.gate_proj": 0.0826416015625,
    "23.mlp.up_proj": 0.0836181640625,
    "23.mlp.down_proj": 0.0745849609375,
    "24.self_attn.q_proj": 0.097412109375,
    "24.self_attn.k_proj": 0.087158203125,
    "24.self_attn.v_proj": 0.08123779296875,
    "24.self_attn.o_proj": 0.0777587890625,
    "24.mlp.gate_proj": 0.07623291015625,
    "24.mlp.up_proj": 0.077880859375,
    "24.mlp.down_proj": 0.07861328125,
    "25.self_attn.q_proj": 0.07135009765625,
    "25.self_attn.k_proj": 0.075439453125,
    "25.self_attn.v_proj": 0.084228515625,
    "25.self_attn.o_proj": 0.07513427734375,
    "25.mlp.gate_proj": 0.07684326171875,
    "25.mlp.up_proj": 0.07666015625,
    "25.mlp.down_proj": 0.083740234375,
    "26.self_attn.q_proj": 0.07354736328125,
    "26.self_attn.k_proj": 0.072296142578125,
    "26.self_attn.v_proj": 0.0775146484375,
    "26.self_attn.o_proj": 0.07330322265625,
    "26.mlp.gate_proj": 0.0755615234375,