{
  "model_name": "Llama-3.1-8B-Instruct",
  "dataset": "wikitext2",
  "loss": {
    "0.self_attn.q_proj": 0.04649227112531662,
    "0.self_attn.k_proj": 0.04647221788764,
    "0.self_attn.v_proj": 0.04953116923570633,
    "0.self_attn.o_proj": 0.04694928601384163,
    "0.mlp.gate_proj": 0.047175973653793335,
    "0.mlp.up_proj": 0.046501804143190384,
    "0.mlp.down_proj": 0.04914170131087303,
    "1.self_attn.q_proj": 0.04687570035457611,
    "1.self_attn.k_proj": 0.046679265797138214,
    "1.self_attn.v_proj": 0.05233900249004364,
    "1.self_attn.o_proj": 0.04705371707677841,
    "1.mlp.gate_proj": 0.04697297513484955,
    "1.mlp.up_proj": 0.0467512309551239,
    "1.mlp.down_proj": 0.36118805408477783,
    "2.self_attn.q_proj": 0.046607375144958496,
    "2.self_attn.k_proj": 0.04698595404624939,
    "2.self_attn.v_proj": 0.04836517199873924,
    "2.self_attn.o_proj": 0.04647623002529144,
    "2.mlp.gate_proj": 0.04724932461977005,
    "2.mlp.up_proj": 0.04705790430307388,
    "2.mlp.down_proj": 0.04748193919658661,
    "3.self_attn.q_proj": 0.04829700291156769,
    "3.self_attn.k_proj": 0.047099098563194275,
    "3.self_attn.v_proj": 0.04724009707570076,
    "3.self_attn.o_proj": 0.04715189337730408,
    "3.mlp.gate_proj": 0.04703123867511749,
    "3.mlp.up_proj": 0.047567375004291534,
    "3.mlp.down_proj": 0.04682676121592522,
    "4.self_attn.q_proj": 0.04720403254032135,
    "4.self_attn.k_proj": 0.046394094824790955,
    "4.self_attn.v_proj": 0.045604631304740906,
    "4.self_attn.o_proj": 0.04691775515675545,
    "4.mlp.gate_proj": 0.04770471155643463,
    "4.mlp.up_proj": 0.04749642685055733,
    "4.mlp.down_proj": 0.04742179065942764,
    "5.self_attn.q_proj": 0.04674900323152542,
    "5.self_attn.k_proj": 0.04694578796625137,
    "5.self_attn.v_proj": 0.047397859394550323,
    "5.self_attn.o_proj": 0.04686063155531883,
    "5.mlp.gate_proj": 0.04717656970024109,
    "5.mlp.up_proj": 0.04795246198773384,
    "5.mlp.down_proj": 0.04855601117014885,
    "6.self_attn.q_proj": 0.046455517411231995,
    "6.self_attn.k_proj": 0.046740103513002396,
    "6.self_attn.v_proj": 0.046942807734012604,
    "6.self_attn.o_proj": 0.046918876469135284,
    "6.mlp.gate_proj": 0.04697231575846672,
    "6.mlp.up_proj": 0.04771983250975609,
    "6.mlp.down_proj": 0.04727759212255478,
    "7.self_attn.q_proj": 0.04679800197482109,
    "7.self_attn.k_proj": 0.04669651389122009,
    "7.self_attn.v_proj": 0.04709523171186447,
    "7.self_attn.o_proj": 0.04712224751710892,
    "7.mlp.gate_proj": 0.046825848519802094,
    "7.mlp.up_proj": 0.04650653153657913,
    "7.mlp.down_proj": 0.046789687126874924,
    "8.self_attn.q_proj": 0.04664415866136551,
    "8.self_attn.k_proj": 0.04651152715086937,
    "8.self_attn.v_proj": 0.04667774215340614,
    "8.self_attn.o_proj": 0.04644069820642471,
    "8.mlp.gate_proj": 0.04690379649400711,
    "8.mlp.up_proj": 0.04678947478532791,
    "8.mlp.down_proj": 0.04724641889333725,
    "9.self_attn.q_proj": 0.046641573309898376,
    "9.self_attn.k_proj": 0.04688701033592224,
    "9.self_attn.v_proj": 0.04739444702863693,
    "9.self_attn.o_proj": 0.047384314239025116,
    "9.mlp.gate_proj": 0.047047942876815796,
    "9.mlp.up_proj": 0.047692324966192245,
    "9.mlp.down_proj": 0.04752328246831894,
    "10.self_attn.q_proj": 0.046560242772102356,
    "10.self_attn.k_proj": 0.046407293528318405,
    "10.self_attn.v_proj": 0.0470132902264595,
    "10.self_attn.o_proj": 0.0476403646171093,
    "10.mlp.gate_proj": 0.04634249210357666,
    "10.mlp.up_proj": 0.047782618552446365,
    "10.mlp.down_proj": 0.04811188206076622,
    "11.self_attn.q_proj": 0.047117359936237335,
    "11.self_attn.k_proj": 0.046801578253507614,
    "11.self_attn.v_proj": 0.046434566378593445,
    "11.self_attn.o_proj": 0.04756103456020355,
    "11.mlp.gate_proj": 0.04631393030285835,
    "11.mlp.up_proj": 0.04690808057785034,
    "11.mlp.down_proj": 0.04694284871220589,
    "12.self_attn.q_proj": 0.04666457325220108,
    "12.self_attn.k_proj": 0.04692305251955986,
    "12.self_attn.v_proj": 0.04740719497203827,
    "12.self_attn.o_proj": 0.047791048884391785,
    "12.mlp.gate_proj": 0.04685237631201744,
    "12.mlp.up_proj": 0.046959612518548965,
    "12.mlp.down_proj": 0.04664254188537598,
    "13.self_attn.q_proj": 0.046361293643713,
    "13.self_attn.k_proj": 0.04684478044509888,
    "13.self_attn.v_proj": 0.047165125608444214,
    "13.self_attn.o_proj": 0.047067251056432724,
    "13.mlp.gate_proj": 0.04670441150665283,
    "13.mlp.up_proj": 0.047084711492061615,
    "13.mlp.down_proj": 0.04791638255119324,
    "14.self_attn.q_proj": 0.04735691100358963,
    "14.self_attn.k_proj": 0.046675797551870346,
    "14.self_attn.v_proj": 0.04696279764175415,
    "14.self_attn.o_proj": 0.04763996973633766,
    "14.mlp.gate_proj": 0.04726461321115494,
    "14.mlp.up_proj": 0.04784732311964035,
    "14.mlp.down_proj": 0.04727659001946449,
    "15.self_attn.q_proj": 0.046706367284059525,
    "15.self_attn.k_proj": 0.04694632068276405,
    "15.self_attn.v_proj": 0.047493577003479004,
    "15.self_attn.o_proj": 0.047381382435560226,
    "15.mlp.gate_proj": 0.04736379534006119,
    "15.mlp.up_proj": 0.04771776497364044,
    "15.mlp.down_proj": 0.04833778738975525,
    "16.self_attn.q_proj": 0.04687616229057312,
    "16.self_attn.k_proj": 0.04666830599308014,
    "16.self_attn.v_proj": 0.04753775894641876,
    "16.self_attn.o_proj": 0.047560736536979675,
    "16.mlp.gate_proj": 0.0470903255045414,
    "16.mlp.up_proj": 0.04806680232286453,
    "16.mlp.down_proj": 0.04820236563682556,
    "17.self_attn.q_proj": 0.04682612419128418,
    "17.self_attn.k_proj": 0.046644292771816254,
    "17.self_attn.v_proj": 0.047940485179424286,
    "17.self_attn.o_proj": 0.04738675057888031,
    "17.mlp.gate_proj": 0.04754422605037689,
    "17.mlp.up_proj": 0.048114046454429626,
    "17.mlp.down_proj": 0.04838463291525841,
    "18.self_attn.q_proj": 0.04682464897632599,
    "18.self_attn.k_proj": 0.04683432728052139,
    "18.self_attn.v_proj": 0.04702623933553696,
    "18.self_attn.o_proj": 0.04695267602801323,
    "18.mlp.gate_proj": 0.04730210453271866,
    "18.mlp.up_proj": 0.04803609475493431,
    "18.mlp.down_proj": 0.048893898725509644,
    "19.self_attn.q_proj": 0.04662271961569786,
    "19.self_attn.k_proj": 0.046752408146858215,
    "19.self_attn.v_proj": 0.04737469553947449,
    "19.self_attn.o_proj": 0.04691556096076965,
    "19.mlp.gate_proj": 0.047496870160102844,
    "19.mlp.up_proj": 0.047966428101062775,
    "19.mlp.down_proj": 0.04817866533994675,
    "20.self_attn.q_proj": 0.046864189207553864,
    "20.self_attn.k_proj": 0.04669221118092537,
    "20.self_attn.v_proj": 0.047249652445316315,
    "20.self_attn.o_proj": 0.046690575778484344,
    "20.mlp.gate_proj": 0.04723317176103592,
    "20.mlp.up_proj": 0.048258714377880096,
    "20.mlp.down_proj": 0.048331260681152344,
    "21.self_attn.q_proj": 0.046818941831588745,
    "21.self_attn.k_proj": 0.04661927372217178,
    "21.self_attn.v_proj": 0.04702556133270264,
    "21.self_attn.o_proj": 0.046895645558834076,
    "21.mlp.gate_proj": 0.047620199620723724,
    "21.mlp.up_proj": 0.04813384637236595,
    "21.mlp.down_proj": 0.048779621720314026,
    "22.self_attn.q_proj": 0.04685701057314873,
    "22.self_attn.k_proj": 0.046583931893110275,
    "22.self_attn.v_proj": 0.04695356637239456,
    "22.self_attn.o_proj": 0.04692362993955612,
    "22.mlp.gate_proj": 0.04791296273469925,
    "22.mlp.up_proj": 0.048108503222465515,
    "22.mlp.down_proj": 0.04827505350112915,
    "23.self_attn.q_proj": 0.04696653038263321,
    "23.self_attn.k_proj": 0.04676409438252449,
    "23.self_attn.v_proj": 0.04726294428110123,
    "23.self_attn.o_proj": 0.04661428928375244,
    "23.mlp.gate_proj": 0.04773914813995361,
    "23.mlp.up_proj": 0.04803016036748886,
    "23.mlp.down_proj": 0.048071276396512985,
    "24.self_attn.q_proj": 0.04674199968576431,
    "24.self_attn.k_proj": 0.04677148908376694,
    "24.self_attn.v_proj": 0.04709829390048981,