{
  "model_name": "Qwen2.5-7B-Instruct",
  "dataset": "wikitext2",
  "loss": {
    "0.self_attn.q_proj": 0.017472879961133003,
    "0.self_attn.k_proj": 0.01747957617044449,
    "0.self_attn.v_proj": 0.018226757645606995,
    "0.self_attn.o_proj": 0.020689820870757103,
    "0.mlp.gate_proj": 0.017679736018180847,
    "0.mlp.up_proj": 0.017929648980498314,
    "0.mlp.down_proj": 0.019254013895988464,
    "1.self_attn.q_proj": 0.01739712804555893,
    "1.self_attn.k_proj": 0.01743391901254654,
    "1.self_attn.v_proj": 0.018724501132965088,
    "1.self_attn.o_proj": 0.017915423959493637,
    "1.mlp.gate_proj": 0.030405309051275253,
    "1.mlp.up_proj": 0.023009508848190308,
    "1.mlp.down_proj": 0.018883634358644485,
    "2.self_attn.q_proj": 0.017526058480143547,
    "2.self_attn.k_proj": 0.017489664256572723,
    "2.self_attn.v_proj": 0.017950791865587234,
    "2.self_attn.o_proj": 0.017962321639060974,
    "2.mlp.gate_proj": 0.02058214694261551,
    "2.mlp.up_proj": 0.020063228905200958,
    "2.mlp.down_proj": 0.0194791741669178,
    "3.self_attn.q_proj": 0.01740187406539917,
    "3.self_attn.k_proj": 0.01745494082570076,
    "3.self_attn.v_proj": 0.018620487302541733,
    "3.self_attn.o_proj": 0.018041186034679413,
    "3.mlp.gate_proj": 0.03432008996605873,
    "3.mlp.up_proj": 0.021289564669132233,
    "3.mlp.down_proj": 0.020578397437930107,
    "4.self_attn.q_proj": 0.01772397942841053,
    "4.self_attn.k_proj": 0.018231090158224106,
    "4.self_attn.v_proj": 0.018580928444862366,
    "4.self_attn.o_proj": 0.01782587170600891,
    "4.mlp.gate_proj": 0.02258957177400589,
    "4.mlp.up_proj": 0.022927870973944664,
    "4.mlp.down_proj": 0.020663440227508545,
    "5.self_attn.q_proj": 0.01794007048010826,
    "5.self_attn.k_proj": 0.017974358052015305,
    "5.self_attn.v_proj": 0.019008252769708633,
    "5.self_attn.o_proj": 0.017957739531993866,
    "5.mlp.gate_proj": 0.024319250136613846,
    "5.mlp.up_proj": 0.021421771496534348,
    "5.mlp.down_proj": 0.020442890003323555,
    "6.self_attn.q_proj": 0.017644107341766357,
    "6.self_attn.k_proj": 0.01846623606979847,
    "6.self_attn.v_proj": 0.019198261201381683,
    "6.self_attn.o_proj": 0.01827288046479225,
    "6.mlp.gate_proj": 0.020896341651678085,
    "6.mlp.up_proj": 0.022669609636068344,
    "6.mlp.down_proj": 0.02064001001417637,
    "7.self_attn.q_proj": 0.01782006025314331,
    "7.self_attn.k_proj": 0.017850777134299278,
    "7.self_attn.v_proj": 0.020608410239219666,
    "7.self_attn.o_proj": 0.018462754786014557,
    "7.mlp.gate_proj": 0.019326847046613693,
    "7.mlp.up_proj": 0.01984255760908127,
    "7.mlp.down_proj": 0.020110663026571274,
    "8.self_attn.q_proj": 0.018076017498970032,
    "8.self_attn.k_proj": 0.018105486407876015,
    "8.self_attn.v_proj": 0.018882229924201965,
    "8.self_attn.o_proj": 0.018509380519390106,
    "8.mlp.gate_proj": 0.01937786303460598,
    "8.mlp.up_proj": 0.020423687994480133,
    "8.mlp.down_proj": 0.020419206470251083,
    "9.self_attn.q_proj": 0.01773941144347191,
    "9.self_attn.k_proj": 0.017851296812295914,
    "9.self_attn.v_proj": 0.020312657579779625,
    "9.self_attn.o_proj": 0.018740642815828323,
    "9.mlp.gate_proj": 0.02024693787097931,
    "9.mlp.up_proj": 0.02070721611380577,
    "9.mlp.down_proj": 0.020979031920433044,
    "10.self_attn.q_proj": 0.017589017748832703,
    "10.self_attn.k_proj": 0.017664991319179535,
    "10.self_attn.v_proj": 0.01852262392640114,
    "10.self_attn.o_proj": 0.018548842519521713,
    "10.mlp.gate_proj": 0.019756432622671127,
    "10.mlp.up_proj": 0.02121853083372116,
    "10.mlp.down_proj": 0.02038097195327282,
    "11.self_attn.q_proj": 0.01779800094664097,
    "11.self_attn.k_proj": 0.01795840449631214,
    "11.self_attn.v_proj": 0.01866360381245613,
    "11.self_attn.o_proj": 0.0187428779900074,
    "11.mlp.gate_proj": 0.01941576600074768,
    "11.mlp.up_proj": 0.020229008048772812,
    "11.mlp.down_proj": 0.02037781849503517,
    "12.self_attn.q_proj": 0.01794879138469696,
    "12.self_attn.k_proj": 0.017947837710380554,
    "12.self_attn.v_proj": 0.01904701255261898,
    "12.self_attn.o_proj": 0.018874242901802063,
    "12.mlp.gate_proj": 0.01931181363761425,
    "12.mlp.up_proj": 0.01969868317246437,
    "12.mlp.down_proj": 0.019703496247529984,
    "13.self_attn.q_proj": 0.01783321239054203,
    "13.self_attn.k_proj": 0.017950082197785378,
    "13.self_attn.v_proj": 0.01951463520526886,
    "13.self_attn.o_proj": 0.01925419270992279,
    "13.mlp.gate_proj": 0.019305862486362457,
    "13.mlp.up_proj": 0.019831223413348198,
    "13.mlp.down_proj": 0.019901912659406662,
    "14.self_attn.q_proj": 0.018230389803647995,
    "14.self_attn.k_proj": 0.018088627606630325,
    "14.self_attn.v_proj": 0.01958315819501877,
    "14.self_attn.o_proj": 0.018901363015174866,
    "14.mlp.gate_proj": 0.019218096509575844,
    "14.mlp.up_proj": 0.0198149923235178,
    "14.mlp.down_proj": 0.019816458225250244,
    "15.self_attn.q_proj": 0.018057579174637794,
    "15.self_attn.k_proj": 0.01835867017507553,
    "15.self_attn.v_proj": 0.019762307405471802,
    "15.self_attn.o_proj": 0.019045941531658173,
    "15.mlp.gate_proj": 0.018782150000333786,
    "15.mlp.up_proj": 0.019244519993662834,
    "15.mlp.down_proj": 0.01944763958454132,
    "16.self_attn.q_proj": 0.018101416528224945,
    "16.self_attn.k_proj": 0.018177755177021027,
    "16.self_attn.v_proj": 0.02067864127457142,
    "16.self_attn.o_proj": 0.01921875774860382,
    "16.mlp.gate_proj": 0.019123926758766174,
    "16.mlp.up_proj": 0.0193219855427742,
    "16.mlp.down_proj": 0.018957216292619705,
    "17.self_attn.q_proj": 0.017803974449634552,
    "17.self_attn.k_proj": 0.018035825341939926,
    "17.self_attn.v_proj": 0.020794305950403214,
    "17.self_attn.o_proj": 0.01854308880865574,
    "17.mlp.gate_proj": 0.01867317222058773,
    "17.mlp.up_proj": 0.01944575086236,
    "17.mlp.down_proj": 0.01907685026526451,
    "18.self_attn.q_proj": 0.01772342249751091,
    "18.self_attn.k_proj": 0.01823781058192253,
    "18.self_attn.v_proj": 0.020686719566583633,
    "18.self_attn.o_proj": 0.019391218200325966,
    "18.mlp.gate_proj": 0.018966928124427795,
    "18.mlp.up_proj": 0.019929073750972748,
    "18.mlp.down_proj": 0.01959967613220215,
    "19.self_attn.q_proj": 0.01809846982359886,
    "19.self_attn.k_proj": 0.018122926354408264,
    "19.self_attn.v_proj": 0.020780060440301895,
    "19.self_attn.o_proj": 0.019168533384799957,
    "19.mlp.gate_proj": 0.019184628501534462,
    "19.mlp.up_proj": 0.01977262645959854,
    "19.mlp.down_proj": 0.019697509706020355,
    "20.self_attn.q_proj": 0.017915505915880203,
    "20.self_attn.k_proj": 0.017884816974401474,
    "20.self_attn.v_proj": 0.019695118069648743,
    "20.self_attn.o_proj": 0.01852906495332718,
    "20.mlp.gate_proj": 0.019467391073703766,
    "20.mlp.up_proj": 0.02021145448088646,
    "20.mlp.down_proj": 0.02018897607922554,
    "21.self_attn.q_proj": 0.01790071651339531,
    "21.self_attn.k_proj": 0.017823155969381332,
    "21.self_attn.v_proj": 0.019602298736572266,
    "21.self_attn.o_proj": 0.018607521429657936,
    "21.mlp.gate_proj": 0.020303279161453247,
    "21.mlp.up_proj": 0.020689934492111206,
    "21.mlp.down_proj": 0.02068297192454338,
    "22.self_attn.q_proj": 0.01789403334259987,
    "22.self_attn.k_proj": 0.0182204432785511,
    "22.self_attn.v_proj": 0.019360117614269257,
    "22.self_attn.o_proj": 0.017893491312861443,
    "22.mlp.gate_proj": 0.020360473543405533,
    "22.mlp.up_proj": 0.02074396051466465,
    "22.mlp.down_proj": 0.022218361496925354,
    "23.self_attn.q_proj": 0.017763521522283554,
    "23.self_attn.k_proj": 0.01783354952931404,
    "23.self_attn.v_proj": 0.018913112580776215,
    "23.self_attn.o_proj": 0.018448766320943832,
    "23.mlp.gate_proj": 0.020372357219457626,
    "23.mlp.up_proj": 0.020447181537747383,
    "23.mlp.down_proj": 0.022613026201725006,
    "24.self_attn.q_proj": 0.01809832826256752,