{
  "phase": 1,
  "description": "Train on 50 quantile_sample, test on 200 AWQ",
  "n_train": 50,
  "n_test": 200,
  "train_test_arch_overlap": 0,
  "surrogates": {
    "M1 linear additive": {
      "r2_train": 0.9588811519139637,
      "r2_test": 0.9482497220060244,
      "rmse": 0.027598103202211097,
      "eps_inf": 0.06478393471044513,
      "eps_2": 0.027598103202211097
    },
    "M10 full quadratic": {
      "r2_train": 0.9791330192829035,
      "r2_test": 0.9788874343654108,
      "rmse": 0.01762760852687387,
      "eps_inf": 0.06673916867809099,
      "eps_2": 0.01762760852687387
    },
    "RBF cubic+linear": {
      "r2_train": 0.9999999921277952,
      "r2_test": 0.9944531110209475,
      "rmse": 0.009035405074349277,
      "eps_inf": 0.03400476004760944,
      "eps_2": 0.009035405074349277
    },
    "RBF tps+linear": {
      "r2_train": 0.9999999999821726,
      "r2_test": 0.9953172726469144,
      "rmse": 0.00830180115408319,
      "eps_inf": 0.03308077277117438,
      "eps_2": 0.00830180115408319
    },
    "ARD-GP (RBF +noise)": {
      "r2_train": 0.9998406933711621,
      "r2_test": 0.982737161749887,
      "rmse": 0.015939657723537354,
      "eps_inf": 0.06929129642050591,
      "eps_2": 0.015939657723537354
    },
    "ARD-GP (best=ARD-matern32 +noise)": {
      "r2_train": 0.999999516555227,
      "r2_test": 0.9938620394692881,
      "rmse": 0.00950462390215312,
      "eps_inf": 0.03171300996969473,
      "eps_2": 0.00950462390215312
    }
  },
  "ard_gp_best": {
    "name": "ARD-matern32 +noise",
    "length_scales": {
      "W": 1.0375207745772175,
      "KV": 0.4584666223697173,
      "KVD": 1.331516383249925
    },
    "sigma_n": 1.1261281595527203e-05,
    "lmml": 54.354749483995484
  },
  "ard_gp_kernel_sweep": {
    "ARD-rbf +noise": {
      "kernel": "rbf",
      "with_noise": true,
      "lmml": 50.81060016521376,
      "r2_train": 0.9998406933711621,
      "r2_test": 0.982737161749887,
      "rmse": 0.015939657723537354,
      "eps_inf": 0.06929129642050591,
      "length_scales": [
        0.23885537397810686,
        0.1251327701102536,
        0.20817727676408487
      ],
      "sigma_n": 0.00036272505055635277
    },
    "ARD-rbf nonoise": {
      "kernel": "rbf",
      "with_noise": false,
      "lmml": 19.47878206874116,
      "r2_train": 0.9999999999999994,
      "r2_test": 0.9032722883740244,
      "rmse": 0.03773100276805444,
      "eps_inf": 0.14281467102074635,
      "length_scales": [
        0.038913207171633636,
        0.0800794174742462,
        0.17251010482493553
      ],
      "sigma_n": 0.0
    },
    "ARD-matern52 +noise": {
      "kernel": "matern52",
      "with_noise": true,
      "lmml": 52.127980048703115,
      "r2_train": 0.9999470027247899,
      "r2_test": 0.9897072292019224,
      "rmse": 0.012308044045746898,
      "eps_inf": 0.046696364691992565,
      "length_scales": [
        0.4652092986096951,
        0.1928174152056,
        0.47868079439904776
      ],
      "sigma_n": 0.00018620539180183224
    },
    "ARD-matern52 nonoise": {
      "kernel": "matern52",
      "with_noise": false,
      "lmml": 41.281027563352346,
      "r2_train": 0.9999999999999994,
      "r2_test": 0.9874982539825733,
      "rmse": 0.013564638574468619,
      "eps_inf": 0.061336279548474426,
      "length_scales": [
        0.2511389669173554,
        0.08961405247306709,
        0.4662827066716886
      ],
      "sigma_n": 0.0
    },
    "ARD-matern32 +noise": {
      "kernel": "matern32",
      "with_noise": true,
      "lmml": 54.354749483995484,
      "r2_train": 0.999999516555227,
      "r2_test": 0.9938620394692881,
      "rmse": 0.00950462390215312,
      "eps_inf": 0.03171300996969473,
      "length_scales": [
        1.0375207745772175,
        0.4584666223697173,
        1.331516383249925
      ],
      "sigma_n": 1.1261281595527203e-05
    },
    "ARD-matern32 nonoise": {
      "kernel": "matern32",
      "with_noise": false,
      "lmml": 54.00625734074662,
      "r2_train": 0.9999999999999999,
      "r2_test": 0.9939371271947229,
      "rmse": 0.009446308382415801,
      "eps_inf": 0.0320791155722544,
      "length_scales": [
        1.0268480925378065,
        0.43247708889832925,
        1.3018887869901716
      ],
      "sigma_n": 0.0
    },
    "ARD-rq +noise": {
      "kernel": "rq",
      "with_noise": true,
      "lmml": 45.09782262410942,
      "r2_train": 0.9995850211133007,
      "r2_test": 0.9849006039089909,
      "rmse": 0.014907426600349664,
      "eps_inf": 0.080027117963402,
      "length_scales": [
        0.22361257632091133,
        0.22361257632091133,
        0.22361257632091133
      ],
      "sigma_n": 0.0007922228707822536
    },
    "ARD-rq nonoise": {
      "kernel": "rq",
      "with_noise": false,
      "lmml": 27.32243224661584,
      "r2_train": 0.9999999999999999,
      "r2_test": 0.9831284954730837,
      "rmse": 0.0157579528688545,
      "eps_inf": 0.07247996328094819,
      "length_scales": [
        0.2752781456136568,
        0.2752781456136568,
        0.2752781456136568
      ],
      "sigma_n": 0.0
    }
  },
  "sobol_best_ardgp": {
    "S1": {
      "W": 0.8448092993624728,
      "KV": 0.04397176583987933,
      "KVD": 0.05635461068956759
    },
    "ST": {
      "W": 0.8960864846188267,
      "KV": 0.059639858663987355,
      "KVD": 0.09644935435910293
    },
    "S1_conf": {
      "W": 0.06217240679528246,
      "KV": 0.014875320008913995,
      "KVD": 0.020438374866508235
    },
    "ST_conf": {
      "W": 0.05319422338576922,
      "KV": 0.0047447669895180206,
      "KVD": 0.008290473889420181
    },
    "S2": {
      "W,KV": 0.014596563388473649,
      "W,KVD": 0.03873129528476927,
      "KV,KVD": 0.0022922605354639483
    },
    "S2_conf": {
      "W,KV": 0.08361849241052526,
      "W,KVD": 0.08910058067498956,
      "KV,KVD": 0.026332952237466793
    },
    "sum_S1": 0.9451356758919198,
    "interaction_fraction": 0.054864324108080176
  }
}