{
  "phase": "1c",
  "description": "RBF-primary internal predictor analysis (Sobol / active subspace / Hoeffding)",
  "sobol": {
    "RBF tps+linear (primary)": {
      "S1": {
        "W": 0.8240616796593079,
        "KV": 0.07553729442945348,
        "KVD": 0.09025633316627013
      },
      "ST": {
        "W": 0.8325146433062156,
        "KV": 0.07972289998696318,
        "KVD": 0.09935717118352118
      },
      "S1_conf": {
        "W": 0.050200606355609696,
        "KV": 0.018163662072729615,
        "KVD": 0.01835030665051118
      },
      "ST_conf": {
        "W": 0.044412568502805436,
        "KV": 0.004801295633140886,
        "KVD": 0.007276703412343115
      },
      "S2": {
        "W,KV": 0.0024339296871007388,
        "W,KVD": 0.007001664922411943,
        "KV,KVD": 0.0025469752726095807
      },
      "S2_conf": {
        "W,KV": 0.06752535970284755,
        "W,KVD": 0.07108588952069786,
        "KV,KVD": 0.03070668586108978
      },
      "sum_S1": 0.9898553072550315,
      "interaction_fraction": 0.010144692744968542
    },
    "RBF cubic+linear": {
      "S1": {
        "W": 0.8312217579501381,
        "KV": 0.06934128891985372,
        "KVD": 0.07259169705878979
      },
      "ST": {
        "W": 0.8545621749602381,
        "KV": 0.07621745770378882,
        "KVD": 0.09726657580632603
      },
      "S1_conf": {
        "W": 0.06397779131330958,
        "KV": 0.018548548534536462,
        "KVD": 0.01817371405632681
      },
      "ST_conf": {
        "W": 0.05356071152521183,
        "KV": 0.0046658731508379325,
        "KVD": 0.007445470784171618
      },
      "S2": {
        "W,KV": 0.003378228411134526,
        "W,KVD": 0.020874459071033774,
        "KV,KVD": 0.003642128000082262
      },
      "S2_conf": {
        "W,KV": 0.08055373138128746,
        "W,KVD": 0.08130217845929442,
        "KV,KVD": 0.027986041561304527
      },
      "sum_S1": 0.9731547439287815,
      "interaction_fraction": 0.02684525607121846
    },
    "ARD-GP (Matern-3/2)": {
      "S1": {
        "W": 0.8448092896666372,
        "KV": 0.043971774276506566,
        "KVD": 0.056354593265687404
      },
      "ST": {
        "W": 0.8960864919867901,
        "KV": 0.059639855752825564,
        "KVD": 0.09644936463778095
      },
      "S1_conf": {
        "W": 0.06076799017319074,
        "KV": 0.015592373571744183,
        "KVD": 0.02118136041243306
      },
      "ST_conf": {
        "W": 0.05025328979251065,
        "KV": 0.0052243084242669345,
        "KVD": 0.008651273221635263
      },
      "S2": {
        "W,KV": 0.014596552044451198,
        "W,KVD": 0.03873132369326201,
        "KV,KVD": 0.0022922607940589618
      },
      "S2_conf": {
        "W,KV": 0.08320352934042421,
        "W,KVD": 0.08754966880449645,
        "KV,KVD": 0.025952919376812704
      },
      "sum_S1": 0.9451356572088311,
      "interaction_fraction": 0.05486434279116892
    }
  },
  "active_subspace": {
    "RBF tps+linear (primary)": {
      "eigvals": [
        1.578704531980983,
        0.07939322446822698,
        0.025303054572437766
      ],
      "eigvals_relative": [
        1.0,
        0.050290109935013066,
        0.01602773290369104
      ],
      "first_eigvec": [
        -0.4601844105878145,
        -0.8245757117012171,
        -0.3290975598882155
      ]
    },
    "RBF cubic+linear": {
      "eigvals": [
        1.3917020094876469,
        0.11072503309256072,
        0.039399341959914125
      ],
      "eigvals_relative": [
        1.0,
        0.0795608774994325,
        0.028310185435759295
      ],
      "first_eigvec": [
        -0.46709952380483605,
        -0.8300377203325435,
        -0.30472186939313944
      ]
    },
    "ARD-GP (Matern-3/2)": {
      "eigvals": [
        1.0586174365967531,
        0.10723372617656142,
        0.0385874011145488
      ],
      "eigvals_relative": [
        1.0,
        0.10129601352618635,
        0.03645075149961605
      ],
      "first_eigvec": [
        -0.5363355653319577,
        -0.783115021139091,
        -0.3147618544651981
      ]
    }
  },
  "hoeffding": {
    "RBF tps+linear (primary)": {
      "f0": 0.3731402615429268,
      "eps_inf_full": 0.03308077277117438,
      "eps_2_full": 0.00830180115408319,
      "eps_inf_add": 0.06657865896214532,
      "eps_2_add": 0.030021931195020456,
      "var_residual_over_var_y": 0.040981364830908286,
      "one_minus_sumS1": 0.010144692744968542
    },
    "RBF cubic+linear": {
      "f0": 0.36780437452838977,
      "eps_inf_full": 0.03400476004760944,
      "eps_2_full": 0.009035405074349277,
      "eps_inf_add": 0.07508402358611183,
      "eps_2_add": 0.036421612202421225,
      "var_residual_over_var_y": 0.053532553969619576,
      "one_minus_sumS1": 0.02684525607121846
    },
    "ARD-GP (Matern-3/2)": {
      "f0": 0.36240694459742934,
      "eps_inf_full": 0.031713001535812135,
      "eps_2_full": 0.009504626000339553,
      "eps_inf_add": 0.08382232363510922,
      "eps_2_add": 0.044177712993983306,
      "var_residual_over_var_y": 0.07570040488906708,
      "one_minus_sumS1": 0.05486434279116892
    }
  }
}