{
  "bounds_tested": [
    "1e-4..1e4",
    "1e-3..1e3"
  ],
  "rows": {
    "1e-4..1e4|ARD-rbf +noise": {
      "lmml": 50.81060016521807,
      "r2_test": 0.9827371608662535,
      "rmse": 0.01593965813148926,
      "eps_inf": 0.06929131805312572,
      "length_scales": "0.239,0.125,0.208"
    },
    "1e-4..1e4|ARD-rbf nonoise": {
      "lmml": 19.478782068652997,
      "r2_test": 0.9032721813786578,
      "rmse": 0.03773102363612467,
      "eps_inf": 0.14281471642702376,
      "length_scales": "0.039,0.080,0.173"
    },
    "1e-4..1e4|ARD-matern52 +noise": {
      "lmml": 52.12798004871879,
      "r2_test": 0.9897072291237025,
      "rmse": 0.012308044092514424,
      "eps_inf": 0.04669636700507962,
      "length_scales": "0.465,0.193,0.479"
    },
    "1e-4..1e4|ARD-matern52 nonoise": {
      "lmml": 41.28102756364175,
      "r2_test": 0.9874982544223933,
      "rmse": 0.013564638335862035,
      "eps_inf": 0.06133628101072708,
      "length_scales": "0.251,0.090,0.466"
    },
    "1e-4..1e4|ARD-matern32 +noise": {
      "lmml": 54.35474948402322,
      "r2_test": 0.9938620379384931,
      "rmse": 0.009504625087369966,
      "eps_inf": 0.03171300650696618,
      "length_scales": "1.038,0.458,1.332"
    },
    "1e-4..1e4|ARD-matern32 nonoise": {
      "lmml": 54.006257340751,
      "r2_test": 0.9939371262654029,
      "rmse": 0.009446309106383135,
      "eps_inf": 0.03207910127699126,
      "length_scales": "1.027,0.432,1.302"
    },
    "1e-4..1e4|ARD-rq +noise": {
      "lmml": 45.09782262390484,
      "r2_test": 0.9849005943882265,
      "rmse": 0.01490743130020899,
      "eps_inf": 0.0800273264238558,
      "length_scales": "0.224,0.224,0.224"
    },
    "1e-4..1e4|ARD-rq nonoise": {
      "lmml": 27.322432246562293,
      "r2_test": 0.9831284959006293,
      "rmse": 0.01575795266919113,
      "eps_inf": 0.07247996289577752,
      "length_scales": "0.275,0.275,0.275"
    },
    "1e-3..1e3|ARD-rbf +noise": {
      "lmml": 50.810600165230845,
      "r2_test": 0.9827371626854513,
      "rmse": 0.015939657291610267,
      "eps_inf": 0.06929131432856006,
      "length_scales": "0.239,0.125,0.208"
    },
    "1e-3..1e3|ARD-rbf nonoise": {
      "lmml": 19.478782068680594,
      "r2_test": 0.9032722804096722,
      "rmse": 0.03773100432139931,
      "eps_inf": 0.1428146781434057,
      "length_scales": "0.039,0.080,0.173"
    },
    "1e-3..1e3|ARD-matern52 +noise": {
      "lmml": 52.12798004868046,
      "r2_test": 0.9897072280353667,
      "rmse": 0.012308044743227638,
      "eps_inf": 0.04669639191755859,
      "length_scales": "0.465,0.193,0.479"
    },
    "1e-3..1e3|ARD-matern52 nonoise": {
      "lmml": 41.28102756389111,
      "r2_test": 0.9874982493684475,
      "rmse": 0.01356464107767667,
      "eps_inf": 0.06133626311494056,
      "length_scales": "0.251,0.090,0.466"
    },
    "1e-3..1e3|ARD-matern32 +noise": {
      "lmml": 54.354749483986886,
      "r2_test": 0.9938620363484483,
      "rmse": 0.00950462631846095,
      "eps_inf": 0.03171299987680165,
      "length_scales": "1.038,0.458,1.332"
    },
    "1e-3..1e3|ARD-matern32 nonoise": {
      "lmml": 54.00625734031615,
      "r2_test": 0.9939371271707753,
      "rmse": 0.009446308401071695,
      "eps_inf": 0.03207911625218629,
      "length_scales": "1.027,0.432,1.302"
    },
    "1e-3..1e3|ARD-rq +noise": {
      "lmml": 45.09782262395613,
      "r2_test": 0.9849006156178919,
      "rmse": 0.01490742082032989,
      "eps_inf": 0.08002696790353414,
      "length_scales": "0.224,0.224,0.224"
    },
    "1e-3..1e3|ARD-rq nonoise": {
      "lmml": 27.322432246548082,
      "r2_test": 0.983128487967632,
      "rmse": 0.015757956373892892,
      "eps_inf": 0.07247997007842905,
      "length_scales": "0.275,0.275,0.275"
    }
  }
}