{
  "llama": {
    "single": {
      "M1 linear additive": {
        "R2_QS": 0.9445049266731624,
        "R2_RS": 0.939850452893288,
        "RMSE_QS": 0.028374397618856115,
        "RMSE_RS": 0.029540348624735,
        "eps_QS": 0.11957715639571653,
        "eps_RS": 0.09744291110907971
      },
      "M_quad full quadratic": {
        "R2_QS": 0.9857548252692573,
        "R2_RS": 0.9630613034328648,
        "RMSE_QS": 0.014375843156293058,
        "RMSE_RS": 0.02314942556988972,
        "eps_QS": 0.04858274497759968,
        "eps_RS": 0.17489096561587225
      },
      "RBF cubic+linear": {
        "R2_QS": 0.9951394578960988,
        "R2_RS": 0.9894164932607815,
        "RMSE_QS": 0.008397341017259701,
        "RMSE_RS": 0.012391224655320611,
        "eps_QS": 0.031630010531632835,
        "eps_RS": 0.07442933931357382
      },
      "RBF tps+linear": {
        "R2_QS": 0.9934398129360035,
        "R2_RS": 0.9889744337486936,
        "RMSE_QS": 0.009755680019854435,
        "RMSE_RS": 0.012647360188680656,
        "eps_QS": 0.07011295947002627,
        "eps_RS": 0.07368723889585554
      },
      "ARD-GP (matern32+noise)": {
        "R2_QS": 0.9948724813105763,
        "R2_RS": 0.9930120190083768,
        "RMSE_QS": 0.008624880004249843,
        "RMSE_RS": 0.01006874386249231,
        "eps_QS": 0.039051021325032076,
        "eps_RS": 0.06487628898845543
      }
    },
    "bootstrap": {
      "M1 linear additive": {
        "R2_mean": 0.9265243292830595,
        "R2_std": 0.010215890504595499,
        "RMSE_mean": 0.03257096599237186,
        "RMSE_std": 0.002257412313275943
      },
      "M_quad full quadratic": {
        "R2_mean": 0.8946089558441093,
        "R2_std": 0.12980383758848546,
        "RMSE_mean": 0.03529889510318642,
        "RMSE_std": 0.016821733818344776
      },
      "RBF cubic+linear": {
        "R2_mean": 0.9706293469189587,
        "R2_std": 0.02755552213354771,
        "RMSE_mean": 0.01924223116666279,
        "RMSE_std": 0.007472446883059019
      },
      "RBF tps+linear": {
        "R2_mean": 0.9804189641353013,
        "R2_std": 0.01336136727428664,
        "RMSE_mean": 0.016307102022759572,
        "RMSE_std": 0.004260800038112974
      },
      "ARD-GP (matern32+noise)": {
        "R2_mean": 0.8431461258732549,
        "R2_std": 0.25628252216980935,
        "RMSE_mean": 0.03512242345255461,
        "RMSE_std": 0.032280116437682374
      }
    },
    "order": [
      "M1 linear additive",
      "M_quad full quadratic",
      "RBF cubic+linear",
      "RBF tps+linear",
      "ARD-GP (matern32+noise)"
    ]
  },
  "qwen": {
    "single": {
      "M1 linear additive": {
        "R2_QS": 0.9433373479901361,
        "R2_RS": 0.9520024929984543,
        "RMSE_QS": 0.022752016297956208,
        "RMSE_RS": 0.02094019790614663,
        "eps_QS": 0.07645525987133966,
        "eps_RS": 0.06617938240621757
      },
      "M_quad full quadratic": {
        "R2_QS": 0.9591948234733526,
        "R2_RS": 0.9681088065737736,
        "RMSE_QS": 0.019307634641393692,
        "RMSE_RS": 0.01706895083182741,
        "eps_QS": 0.12908650850605397,
        "eps_RS": 0.13913248639711556
      },
      "RBF cubic+linear": {
        "R2_QS": 0.9823192937231564,
        "R2_RS": 0.9843873067339294,
        "RMSE_QS": 0.012709288734678472,
        "RMSE_RS": 0.011942915383243585,
        "eps_QS": 0.08101689595339845,
        "eps_RS": 0.10907117807451139
      },
      "RBF tps+linear": {
        "R2_QS": 0.9804403407580851,
        "R2_RS": 0.983917586602738,
        "RMSE_QS": 0.013367558205686232,
        "RMSE_RS": 0.012121240054669946,
        "eps_QS": 0.08519609789421051,
        "eps_RS": 0.10755754404851336
      },
      "ARD-GP (matern32+noise)": {
        "R2_QS": 0.9856275329877524,
        "R2_RS": 0.987178971914415,
        "RMSE_QS": 0.011458746239471308,
        "RMSE_RS": 0.010822631398975126,
        "eps_QS": 0.08047492008314167,
        "eps_RS": 0.10647458167635987
      }
    },
    "bootstrap": {
      "M1 linear additive": {
        "R2_mean": 0.947484749494708,
        "R2_std": 0.007767078816331804,
        "RMSE_mean": 0.021849919099615634,
        "RMSE_std": 0.0015315916982457506
      },
      "M_quad full quadratic": {
        "R2_mean": 0.9532191520770154,
        "R2_std": 0.028188374265570103,
        "RMSE_mean": 0.020153521988606697,
        "RMSE_std": 0.004605690013223741
      },
      "RBF cubic+linear": {
        "R2_mean": 0.9747488893576344,
        "R2_std": 0.008574631179183367,
        "RMSE_mean": 0.01499452866847334,
        "RMSE_std": 0.0024189338716809404
      },
      "RBF tps+linear": {
        "R2_mean": 0.9774694973534734,
        "R2_std": 0.005356375678190835,
        "RMSE_mean": 0.014247651942357876,
        "RMSE_std": 0.0016842881101060603
      },
      "ARD-GP (matern32+noise)": {
        "R2_mean": 0.7117451602331893,
        "R2_std": 0.3149458802018165,
        "RMSE_mean": 0.04151942880429825,
        "RMSE_std": 0.030158799034587517
      }
    },
    "order": [
      "M1 linear additive",
      "M_quad full quadratic",
      "RBF cubic+linear",
      "RBF tps+linear",
      "ARD-GP (matern32+noise)"
    ]
  }
}