{
  "llama": {
    "M1 linear additive": {
      "r2_train": 0.9594405819591227,
      "r2_test": 0.9445049266731624,
      "rmse": 0.028374397618856115,
      "eps_inf": 0.11957715639571653
    },
    "M_quad full quadratic": {
      "r2_train": 0.9801191626531771,
      "r2_test": 0.9857548252692573,
      "rmse": 0.014375843156293058,
      "eps_inf": 0.04858274497759968
    },
    "RBF cubic+linear": {
      "r2_train": 0.999999989542201,
      "r2_test": 0.9951394578960988,
      "rmse": 0.008397341017259701,
      "eps_inf": 0.031630010531632835
    },
    "RBF tps+linear": {
      "r2_train": 0.9999999999787311,
      "r2_test": 0.9934398129360035,
      "rmse": 0.009755680019854435,
      "eps_inf": 0.07011295947002627
    },
    "ARD-GP (matern32+noise)": {
      "r2_train": 0.9999985461573668,
      "r2_test": 0.9948724833402947,
      "rmse": 0.00862487829717858,
      "eps_inf": 0.03905101552173701,
      "length_scales": [
        1.0502647562004033,
        0.47849234635424326,
        0.898573177162771
      ],
      "sigma_n": 2.0512589624210204e-05,
      "lmml": 57.04204698214934
    }
  },
  "qwen": {
    "M1 linear additive": {
      "r2_train": 0.9585455292794823,
      "r2_test": 0.9433373479901361,
      "rmse": 0.022752016297956208,
      "eps_inf": 0.07645525987133966
    },
    "M_quad full quadratic": {
      "r2_train": 0.9817225246918764,
      "r2_test": 0.9591948234733526,
      "rmse": 0.019307634641393692,
      "eps_inf": 0.12908650850605397
    },
    "RBF cubic+linear": {
      "r2_train": 0.9999999987964613,
      "r2_test": 0.9823192937231564,
      "rmse": 0.012709288734678472,
      "eps_inf": 0.08101689595339845
    },
    "RBF tps+linear": {
      "r2_train": 0.9999999999893169,
      "r2_test": 0.9804403407580851,
      "rmse": 0.013367558205686232,
      "eps_inf": 0.08519609789421051
    },
    "ARD-GP (matern32+noise)": {
      "r2_train": 0.9999733617393057,
      "r2_test": 0.9856275382620598,
      "rmse": 0.011458744136945809,
      "eps_inf": 0.08047490343917196,
      "length_scales": [
        1.2331421325394565,
        0.4543292561124091,
        0.6137315867070181
      ],
      "sigma_n": 0.00017112556585284033,
      "lmml": 49.71454986462529
    }
  }
}