{
  "llama": {
    "N_test": 200,
    "eps_global": 0.34866979345679283,
    "eps_2": 0.09635732117889668,
    "twoeps_corridor": 0.6973395869135857,
    "n_actual_PF": 44,
    "n_proxy_PF": 41,
    "gap_mean": 0.000701300025191324,
    "gap_max": 0.024972944302235622,
    "gap_p95": 0.0014373726619812538,
    "inside_2eps_count": 41,
    "inside_2eps_pct": 100.0,
    "gaps": [
      0.0,
      0.0,
      0.0,
      0.0,
      0.0,
      0.0,
      0.0,
      0.0,
      0.0014373726619812538,
      0.0,
      0.0,
      0.0023429840686274087,
      0.0,
      0.0,
      0.0,
      0.0,
      0.0,
      0.0,
      0.0,
      0.0,
      0.0,
      0.0,
      0.0,
      0.0,
      0.0,
      0.0,
      0.0,
      0.0,
      0.0,
      0.0,
      0.0,
      0.0,
      0.0,
      0.0,
      0.024972944302235622,
      0.0,
      0.0,
      0.0,
      0.0,
      0.0,
      0.0
    ],
    "c_proxy_pts": [
      8.198392427884615,
      7.838979867788462,
      7.755258413461538,
      7.0931865985576925,
      6.9761493389423075,
      6.953763521634615,
      6.8226787860576925,
      6.712853064903847,
      6.689603365384615,
      6.661583533653846,
      6.496544471153847,
      6.460749699519231,
      6.4486553485576925,
      6.333533653846153,
      6.329852764423077,
      6.173114483173077,
      6.023324819711538,
      5.913198617788462,
      5.804424579326923,
      5.8041240985576925,
      5.713115985576923,
      5.646183894230769,
      5.4907977764423075,
      5.467134915865385,
      5.364483173076923,
      5.141751802884615,
      5.1239483173076925,
      5.095102163461538,
      5.048565204326923,
      5.000112680288462,
      4.8681640625,
      4.793569711538462,
      4.762469951923077,
      4.675067608173077,
      4.5536358173076925,
      4.538837139423077,
      4.476374699519231,
      4.2982647235576925,
      4.2772686298076925,
      4.248685396634615,
      4.211388221153847
    ],
    "y_proxy_pts_actual": [
      0.020320892333984375,
      0.024982452392578125,
      0.026172637939453125,
      0.03110504150390625,
      0.03336334228515625,
      0.03479766845703125,
      0.03823089599609375,
      0.0411376953125,
      0.045654296875,
      0.04549407958984375,
      0.047332763671875,
      0.056610107421875,
      0.056610107421875,
      0.06201171875,
      0.066162109375,
      0.0672149658203125,
      0.0719757080078125,
      0.090728759765625,
      0.0973968505859375,
      0.1005859375,
      0.10296630859375,
      0.11224365234375,
      0.1212158203125,
      0.1280670166015625,
      0.15704345703125,
      0.197418212890625,
      0.20257568359375,
      0.212982177734375,
      0.22607421875,
      0.228851318359375,
      0.25396728515625,
      0.26409912109375,
      0.26849365234375,
      0.27703857421875,
      0.33502197265625,
      0.31103515625,
      0.354736328125,
      0.378662109375,
      0.40667724609375,
      0.4144287109375,
      0.46929931640625
    ],
    "y_actualpf_at_c": [
      0.020320892333984375,
      0.024982452392578125,
      0.026172637939453125,
      0.03110504150390625,
      0.03336334228515625,
      0.03479766845703125,
      0.03823089599609375,
      0.0411376953125,
      0.044216924213018746,
      0.04549407958984375,
      0.047332763671875,
      0.05426712335324759,
      0.056610107421875,
      0.06201171875,
      0.066162109375,
      0.0672149658203125,
      0.0719757080078125,
      0.090728759765625,
      0.0973968505859375,
      0.1005859375,
      0.10296630859375,
      0.11224365234375,
      0.1212158203125,
      0.1280670166015625,
      0.15704345703125,
      0.197418212890625,
      0.20257568359375,
      0.212982177734375,
      0.22607421875,
      0.228851318359375,
      0.25396728515625,
      0.26409912109375,
      0.26849365234375,
      0.27703857421875,
      0.3100490283540144,
      0.31103515625,
      0.354736328125,
      0.378662109375,
      0.40667724609375,
      0.4144287109375,
      0.46929931640625
    ]
  },
  "qwen": {
    "N_test": 200,
    "eps_global": 0.3077787421643734,
    "eps_2": 0.11233220250169498,
    "twoeps_corridor": 0.6155574843287468,
    "n_actual_PF": 40,
    "n_proxy_PF": 35,
    "gap_mean": 0.005360132495473675,
    "gap_max": 0.06328056947732663,
    "gap_p95": 0.03589353160448548,
    "inside_2eps_count": 35,
    "inside_2eps_pct": 100.0,
    "gaps": [
      0.0,
      0.0,
      0.0,
      0.0,
      0.0,
      0.0,
      0.0,
      0.0,
      0.0,
      0.0,
      0.0,
      0.0105674946348287,
      0.007781624951569324,
      0.004929300041730408,
      0.0020448991161282487,
      0.0,
      0.0,
      0.0,
      0.009544092192362963,
      0.0,
      0.0,
      0.0,
      0.0025324203499849096,
      0.0,
      0.024540651577978412,
      0.0,
      0.0,
      0.06328056947732663,
      0.0,
      0.0,
      0.0,
      0.062383584999669006,
      0.0,
      0.0,
      0.0
    ],
    "c_proxy_pts": [
      7.763032550618672,
      7.392220015466816,
      7.025542217379078,
      6.9632794924071995,
      6.655801813835771,
      6.6376107283464565,
      6.592040741001124,
      6.551097616704162,
      6.3926682016310465,
      6.340291936164229,
      6.061528929977502,
      6.051097616704162,
      6.0438783042744655,
      5.927178536276715,
      5.856764974690664,
      5.735064855174354,
      5.702685601799775,
      5.617749929696288,
      5.522141275309336,
      5.471276539651294,
      5.40806471456693,
      5.313721526996625,
      5.195457501406075,
      4.95163983408324,
      4.783249261811024,
      4.780111958661417,
      4.743474936726659,
      4.639047560461192,
      4.589457079583802,
      4.5498189679415075,
      4.365403543307087,
      4.280599690663667,
      4.224369902980877,
      4.211275836614173,
      4.097405793025872
    ],
    "y_proxy_pts_actual": [
      0.020725250244140625,
      0.02584075927734375,
      0.03324127197265625,
      0.03510284423828125,
      0.042144775390625,
      0.043701171875,
      0.04659271240234375,
      0.05164337158203125,
      0.05284881591796875,
      0.061859130859375,
      0.07222747057676315,
      0.083160400390625,
      0.08062744140625,
      0.0818634033203125,
      0.0846710205078125,
      0.086761474609375,
      0.0948944091796875,
      0.102874755859375,
      0.12158203125,
      0.116912841796875,
      0.12994384765625,
      0.140838623046875,
      0.167572021484375,
      0.19158935546875,
      0.24365234375,
      0.21923828125,
      0.24591064453125,
      0.3348388671875,
      0.27423095703125,
      0.290283203125,
      0.33355712890625,
      0.40460205078125,
      0.34796142578125,
      0.36688232421875,
      0.3970947265625
    ],
    "y_actualpf_at_c": [
      0.020725250244140625,
      0.02584075927734375,
      0.03324127197265625,
      0.03510284423828125,
      0.042144775390625,
      0.043701171875,
      0.04659271240234375,
      0.05164337158203125,
      0.05284881591796875,
      0.061859130859375,
      0.07222747057676315,
      0.0725929057557963,
      0.07284581645468068,
      0.07693410327858209,
      0.08262612139168425,
      0.086761474609375,
      0.0948944091796875,
      0.102874755859375,
      0.11203793905763704,
      0.116912841796875,
      0.12994384765625,
      0.140838623046875,
      0.1650396011343901,
      0.19158935546875,
      0.2191116921720216,
      0.21923828125,
      0.24591064453125,
      0.27155829771017337,
      0.27423095703125,
      0.290283203125,
      0.33355712890625,
      0.342218465781581,
      0.34796142578125,
      0.36688232421875,
      0.3970947265625
    ]
  }
}