{
  "llama": {
    "Joint surrogate (RBF tps+linear)": {
      "r2": 0.9934398129360035,
      "rmse": 0.009755680019854435,
      "eps_inf": 0.07011295947002627,
      "eps_2": 0.009755680019854435
    },
    "Hier-A naive additive (row 13)": {
      "r2": 0.36001386644077693,
      "rmse": 0.09635732117889668,
      "eps_inf": 0.34866979345679283,
      "eps_2": 0.09635732117889668
    },
    "Hier-B Hoeffding collapse of joint": {
      "r2": 0.9232606289908806,
      "rmse": 0.03336633863613236,
      "eps_inf": 0.07211683458010812,
      "eps_2": 0.03336633863613236
    },
    "_var_fraction_resid_over_full": 0.04080861952394036,
    "_2eps_Pareto_corridor": {
      "from_A": 0.6973395869135857,
      "from_B": 0.14423366916021624,
      "from_joint": 0.14022591894005254
    }
  },
  "qwen": {
    "Joint surrogate (RBF tps+linear)": {
      "r2": 0.9804403407580851,
      "rmse": 0.013367558205686232,
      "eps_inf": 0.08519609789421051,
      "eps_2": 0.013367558205686232
    },
    "Hier-A naive additive (row 13)": {
      "r2": -0.38122892723780555,
      "rmse": 0.11233220250169498,
      "eps_inf": 0.3077787421643734,
      "eps_2": 0.11233220250169498
    },
    "Hier-B Hoeffding collapse of joint": {
      "r2": 0.9572432679108022,
      "rmse": 0.01976394760277431,
      "eps_inf": 0.09439903698745977,
      "eps_2": 0.01976394760277431
    },
    "_var_fraction_resid_over_full": 0.017821598954872987,
    "_2eps_Pareto_corridor": {
      "from_A": 0.6155574843287468,
      "from_B": 0.18879807397491954,
      "from_joint": 0.17039219578842102
    }
  }
}