{
  "llama": {
    "sobol": {
      "RBF cubic+linear": {
        "S1": {
          "W": 0.8111738359111363,
          "KV": 0.07857582488501005,
          "KVD": 0.08214063661283381
        },
        "ST": {
          "W": 0.8351073780434966,
          "KV": 0.08570449373783916,
          "KVD": 0.10739157157413994
        },
        "S1_conf": {
          "W": 0.04801404264943081,
          "KV": 0.015983756828723286,
          "KVD": 0.01991843670550284
        },
        "ST_conf": {
          "W": 0.03771385962936016,
          "KV": 0.005037757409666555,
          "KVD": 0.008552639441950251
        },
        "S2": {
          "W,KV": 0.0037117065310723063,
          "W,KVD": 0.021780988322189068,
          "KV,KVD": 0.003959886762100809
        },
        "sum_S1": 0.9718902974089801,
        "interaction": 0.02810970259101986
      },
      "ARD-Mat\u00e9rn-3/2": {
        "S1": {
          "W": 0.8261511280170136,
          "KV": 0.03846534122968186,
          "KVD": 0.07606712441588631
        },
        "ST": {
          "W": 0.8816037256606051,
          "KV": 0.056363369415257436,
          "KVD": 0.11898334037933048
        },
        "S1_conf": {
          "W": 0.056867653091111664,
          "KV": 0.015041864590283786,
          "KVD": 0.020499274139778728
        },
        "ST_conf": {
          "W": 0.05431222898429179,
          "KV": 0.005713570079019738,
          "KVD": 0.009778618557804824
        },
        "S2": {
          "W,KV": 0.016508146568555662,
          "W,KVD": 0.04130609386121503,
          "KV,KVD": 0.0028994807872929074
        },
        "sum_S1": 0.9406835936625817,
        "interaction": 0.059316406337418304
      }
    },
    "active_subspace": {
      "RBF cubic+linear": {
        "eigvals": [
          1.6127084647400571,
          0.12067076828901055,
          0.06843301872852334
        ],
        "ratio_2_over_1": 0.07482491158652209,
        "ratio_3_over_1": 0.04243359554732271,
        "first_eigvec": {
          "W": -0.42086034274987355,
          "KV": -0.7757025869356655,
          "KVD": -0.47027871366007507
        }
      },
      "ARD-Mat\u00e9rn-3/2": {
        "eigvals": [
          1.1852312475916018,
          0.10420641711228751,
          0.08230540420670292
        ],
        "ratio_2_over_1": 0.08792074738498135,
        "ratio_3_over_1": 0.0694424859063985,
        "first_eigvec": {
          "W": -0.48154922575197057,
          "KV": -0.6984902260567132,
          "KVD": -0.5293597522299169
        }
      }
    },
    "hoeffding": {
      "RBF cubic+linear": {
        "full": {
          "R2": 0.9951394578960988,
          "RMSE": 0.008397341017259701,
          "eps_inf": 0.031630010531632835
        },
        "add": {
          "R2": 0.872534513451697,
          "RMSE": 0.0430027015054983,
          "eps_inf": 0.08471578486194192
        },
        "var_resid_over_var_y": 0.06382979128400837,
        "f0": 0.37439690780844387
      },
      "ARD-Mat\u00e9rn-3/2": {
        "full": {
          "R2": 0.9948724832213336,
          "RMSE": 0.008624878397229389,
          "eps_inf": 0.0390510167161513
        },
        "add": {
          "R2": 0.7999568398249763,
          "RMSE": 0.053871775460552045,
          "eps_inf": 0.09728036061844766
        },
        "var_resid_over_var_y": 0.08995823060088783,
        "f0": 0.36915907456240055
      }
    },
    "ard_gp": {
      "length_scales": {
        "W": 1.0502644713113447,
        "KV": 0.4784921988880953,
        "KVD": 0.8985729218195421
      },
      "sigma_n": 2.051256026214683e-05
    },
    "train_size": 50,
    "test_size": 200,
    "bounds": {
      "W": [
        0.023231141269207,
        0.661519467830658
      ],
      "KV": [
        0.01844056323170662,
        0.13168974220752716
      ],
      "KVD": [
        0.019323481246829033,
        0.2088763266801834
      ]
    }
  },
  "qwen": {
    "sobol": {
      "RBF cubic+linear": {
        "S1": {
          "W": 0.737173691374681,
          "KV": 0.19056238277423485,
          "KVD": 0.07059093957508777
        },
        "ST": {
          "W": 0.7396766769611787,
          "KV": 0.19135509679250434,
          "KVD": 0.07268752966615459
        },
        "S1_conf": {
          "W": 0.046309992429339926,
          "KV": 0.02851383971106979,
          "KVD": 0.017066113348738792
        },
        "ST_conf": {
          "W": 0.036544842189016276,
          "KV": 0.01118379555787885,
          "KVD": 0.004584810641034375
        },
        "S2": {
          "W,KV": 0.00014216564370253537,
          "W,KVD": 0.001254540233259327,
          "KV,KVD": 0.00025858131944225815
        },
        "sum_S1": 0.9983270137240037,
        "interaction": 0.0016729862759963243
      },
      "ARD-Mat\u00e9rn-3/2": {
        "S1": {
          "W": 0.7401152567550005,
          "KV": 0.17784240827104297,
          "KVD": 0.07851635021330561
        },
        "ST": {
          "W": 0.7429963341783612,
          "KV": 0.17913443591138598,
          "KVD": 0.08173474326491152
        },
        "S1_conf": {
          "W": 0.047241670158867904,
          "KV": 0.021675721298804962,
          "KVD": 0.01714752358231964
        },
        "ST_conf": {
          "W": 0.04039324677293412,
          "KV": 0.011861044615627857,
          "KVD": 0.005220349214688581
        },
        "S2": {
          "W,KV": 8.5161786300747e-05,
          "W,KVD": 0.0015677263067108704,
          "KV,KVD": 0.000513052297662242
        },
        "sum_S1": 0.9964740152393491,
        "interaction": 0.003525984760650913
      }
    },
    "active_subspace": {
      "RBF cubic+linear": {
        "eigvals": [
          4.806917710809378,
          0.16378032143559695,
          0.03493612128521097
        ],
        "ratio_2_over_1": 0.03407179637531594,
        "ratio_3_over_1": 0.007267884200856958,
        "first_eigvec": {
          "W": -0.23013302881614586,
          "KV": -0.8205028727194847,
          "KVD": -0.5232722282970701
        }
      },
      "ARD-Mat\u00e9rn-3/2": {
        "eigvals": [
          4.543704546322722,
          0.08829473148793635,
          0.040654069683717806
        ],
        "ratio_2_over_1": 0.019432322367746026,
        "ratio_3_over_1": 0.008947340054630017,
        "first_eigvec": {
          "W": -0.2372267614249898,
          "KV": -0.7995777784739754,
          "KVD": -0.5517235175651236
        }
      }
    },
    "hoeffding": {
      "RBF cubic+linear": {
        "full": {
          "R2": 0.9823192937231564,
          "RMSE": 0.012709288734678472,
          "eps_inf": 0.08101689595339845
        },
        "add": {
          "R2": 0.956476426665636,
          "RMSE": 0.01994039301022002,
          "eps_inf": 0.09368218832696901
        },
        "var_resid_over_var_y": 0.043259098459009576,
        "f0": 0.27682737948884084
      },
      "ARD-Mat\u00e9rn-3/2": {
        "full": {
          "R2": 0.9856275305125813,
          "RMSE": 0.011458747226161884,
          "eps_inf": 0.0804749507204297
        },
        "add": {
          "R2": 0.9548110982917244,
          "RMSE": 0.0203182984211669,
          "eps_inf": 0.09441445678780214
        },
        "var_resid_over_var_y": 0.043082165066695335,
        "f0": 0.27850276367367655
      }
    },
    "ard_gp": {
      "length_scales": {
        "W": 1.2331379261272928,
        "KV": 0.454328179496447,
        "KVD": 0.6137291309770211
      },
      "sigma_n": 0.00017112268072205154
    },
    "train_size": 50,
    "test_size": 200,
    "bounds": {
      "W": [
        0.023001406341791153,
        0.5765359401702881
      ],
      "KV": [
        0.018300583586096764,
        0.09109161794185638
      ],
      "KVD": [
        0.019154109060764313,
        0.08613018691539764
      ]
    }
  }
}