{
  "joint": {
    "r2": 0.9934398129360035,
    "rmse": 0.009755680019854435,
    "eps_inf": 0.07011295947002627
  },
  "hier_A": {
    "pair_full_WK": {
      "r2": -0.24436131432267816,
      "rmse": 0.13436083248907874,
      "eps_inf": 0.5715855080904237,
      "label": "Hier-WK (n_pair=29 + n_3way=50)"
    },
    "pair_full_KD": {
      "r2": 0.951857434098461,
      "rmse": 0.026427985042598887,
      "eps_inf": 0.14285397040313152,
      "label": "Hier-KD (n_pair=30 + n_3way=50)"
    },
    "pair_full_WD": {
      "r2": 0.8307435602000882,
      "rmse": 0.04955323778203828,
      "eps_inf": 0.2569437143080784,
      "label": "Hier-WD (n_pair=31 + n_3way=50)"
    },
    "pair50_WK": {
      "r2": 0.47862403512092383,
      "rmse": 0.08697099064829536,
      "eps_inf": 0.3893995042664285,
      "r2_p10": 0.37786601596827374,
      "r2_p90": 0.7107940913799858,
      "label": "Hier-WK (n_pair=10 + n_3way=40, budget=50, 10 seeds)"
    },
    "pair50_KD": {
      "r2": 0.9535359298378594,
      "rmse": 0.025958511502041905,
      "eps_inf": 0.13722580863826384,
      "r2_p10": 0.9486419900558105,
      "r2_p90": 0.9588900171579228,
      "label": "Hier-KD (n_pair=10 + n_3way=40, budget=50, 10 seeds)"
    },
    "pair50_WD": {
      "r2": 0.7863193974356355,
      "rmse": 0.05565182044883543,
      "eps_inf": 0.27933155873298804,
      "r2_p10": 0.5020747582758976,
      "r2_p90": 0.8346773314248167,
      "label": "Hier-WD (n_pair=10 + n_3way=40, budget=50, 10 seeds)"
    }
  },
  "hier_B": {
    "W\u2192KV\u2192KVD": {
      "r2": 0.9701048084329102,
      "rmse": 0.020825723877579267,
      "eps_inf": 0.09291840000403706,
      "permutation": [
        0,
        1,
        2
      ],
      "label": "Seq-1D W\u2192KV\u2192KVD"
    },
    "W\u2192KVD\u2192KV": {
      "r2": 0.959382854093763,
      "rmse": 0.02427471485185064,
      "eps_inf": 0.12525273970105832,
      "permutation": [
        0,
        2,
        1
      ],
      "label": "Seq-1D W\u2192KVD\u2192KV"
    },
    "KV\u2192W\u2192KVD": {
      "r2": 0.9547879700908032,
      "rmse": 0.02561099425175513,
      "eps_inf": 0.10214164996186098,
      "permutation": [
        1,
        0,
        2
      ],
      "label": "Seq-1D KV\u2192W\u2192KVD"
    },
    "KV\u2192KVD\u2192W": {
      "r2": 0.9020779791235425,
      "rmse": 0.03769117004149309,
      "eps_inf": 0.15866698149582065,
      "permutation": [
        1,
        2,
        0
      ],
      "label": "Seq-1D KV\u2192KVD\u2192W"
    },
    "KVD\u2192W\u2192KV": {
      "r2": 0.9509312796735658,
      "rmse": 0.026680981492253182,
      "eps_inf": 0.11205688400124542,
      "permutation": [
        2,
        0,
        1
      ],
      "label": "Seq-1D KVD\u2192W\u2192KV"
    },
    "KVD\u2192KV\u2192W": {
      "r2": 0.9463105042076527,
      "rmse": 0.027908988599649957,
      "eps_inf": 0.11014577958764232,
      "permutation": [
        2,
        1,
        0
      ],
      "label": "Seq-1D KVD\u2192KV\u2192W"
    }
  },
  "note": "Llama-only; pair CSVs from 260510 (29/30/31 samples)."
}